Id,ORGANIZATION,NAME,GENDER,SPECIALITY,ADDRESS,CITY,STATE,ZIP,LAT,LON,ENCOUNTERS,PROCEDURES
7c76c5e3-4896-3d7f-bdbb-d40bc77c28cf,74ab949d-17ac-3309-83a0-13b4405c66aa,Gabriel934 Reilly981,F,GENERAL PRACTICE,881 Main Street,Fitchburg,MA,01420,42.586487,-71.80521,113,0
a5784661-2754-325c-8a75-1e741dc68e9d,588f6ce6-b8db-3588-8189-29db2680a313,Tiffaney302 Brakus656,F,GENERAL PRACTICE,461 WALNUT AVE,JAMAICA PLAIN,MA,021302331,42.311587599999996,-71.09800136347226,35,0
a025b5d3-e0d0-35c1-bf6b-426b8af5b181,faffaf6a-ee1a-3673-b0b0-421a9c249244,Gustavo235 Armstrong51,M,GENERAL PRACTICE,66 WASHINGTON ST,STOUGHTON,MA,020722571,42.14415820061801,-71.10378319512402,20,0
1073b89f-ecf3-3f9e-8872-9523727ef8ac,e09d4c49-c2ef-3b0f-9a46-3719d9219306,Ronald408 Emard19,F,GENERAL PRACTICE,60 HOSPITAL RD,LEOMINSTER,MA,014533290,42.54031915,-71.76312990486304,92,0
12a2bf18-e099-3598-af54-efa7823e1466,e76b5eb0-0c9d-3593-b5da-3c0e9a97bb96,Gisele901 Lehner980,F,GENERAL PRACTICE,1400 VFW Parkway,West Roxbury,MA,02132,42.2793,-71.1657,101,0
9940caa5-8fd6-3f9a-8cf8-2ff975314a74,ef5390b4-cba5-3d83-96db-af783a7adb43,Evan94 Anderson154,F,GENERAL PRACTICE,360 MERRIMACK ST,MALDEN,MA,021482329,42.4250964,-71.066163,1,0
128b36d5-e2d7-33bc-8a0e-de8c74612d4d,77645e49-3f69-3d1d-bb93-dc65210e2fac,Vella930 Ankunding277,F,GENERAL PRACTICE,363 HIGHLAND AVE,FALL RIVER,MA,027205246,41.7093779,-71.1460783680883,28,0
164b891c-8d7b-30de-9a5f-7441f2b9abeb,6fafb5d4-ecca-37ab-8d24-53036a8cbf1e,Wilber603 Nikolaus26,M,GENERAL PRACTICE,320 WEST CENTER STREET  2ND FLOOR,WEST BRIDGEWATER,MA,02379,42.016080599999995,-71.02601589317304,2,0
44ff5f14-0178-331b-875a-b8c74d163ca3,ab701a70-a658-340e-8f69-ee196a7d40c6,Jolie499 Parisian75,F,GENERAL PRACTICE,484 RTE 134,WORCESTER,MA,016071728,42.2625621,-71.8018877,4,0
776ec951-9e2f-3d0b-bad9-463f6b1b7fa3,71472d9b-aa5c-3b49-a5c3-d0eee8859015,Cuc113 Kutch271,F,GENERAL PRACTICE,118 WATERHOUSE RD STE C,BOURNE,MA,025328305,41.7281115,-70.5861571324252,29,0
9e2a54b6-fc52-354a-81c2-8b68366f06cb,8a2e2731-3240-39d1-b4f0-cad14200937d,Carter549 Ritchie586,M,GENERAL PRACTICE,88 WASHINGTON ST,TAUNTON,MA,027802465,41.9062805,-71.09518121351795,76,0
fc2bc90c-5444-3e4f-90c5-e8a8d8403909,52ecddd8-42f6-35cc-88a5-cf474c02fb49,Maxima831 Fahey393,F,GENERAL PRACTICE,94 OBERY STREET,PLYMOUTH,MA,023602130,41.93725,-70.65503160208334,1,0
38ad1164-f145-39be-b56d-c194444f4c6f,667b46fe-0afa-3f70-a311-bbe3d52db050,Maricarmen445 Caballero789,F,GENERAL PRACTICE,757 BOSTON POST RD,WORCESTER,MA,016071728,42.231371,-72.165386,1,0
859706cc-cf76-3337-9a75-bde01d34240b,5d4da50c-8593-304f-b266-57d8f7d634a2,Danette111 Klein929,F,GENERAL PRACTICE,250 SHEARER ST,PALMER,MA,010691428,42.168634600000004,-72.33353526811578,1,0
2f4178f3-23cb-347b-8e3d-93e525bba569,fa09396a-2926-3b21-ad0c-9f6cabbce0eb,Moshe758 Bartoletti50,M,GENERAL PRACTICE,1210 BOSTON PROVIDENCE TPKE,NORWOOD,MA,020625061,42.1714075,-71.1951186,2,0
d3a13b38-e989-33ba-8e02-cd9f81bf0fa0,2e1eaaf1-ebb0-332c-8921-f48e15b91879,Delmer311 Nolan344,M,GENERAL PRACTICE,2 SEAPORT DRIVE,QUINCY,MA,021711599,42.29287335,-71.03019020136307,7,0
47fdbd04-7ad6-3374-bafb-ec00be8892b9,c272e12f-e154-3fee-b05d-b7c0cab2657d,Shasta644 King743,F,GENERAL PRACTICE,800 WASHINGTON ST,NORWOOD,MA,020623487,42.1886973,-71.2005241,39,0
76b49ce3-3a6a-3d86-a2cc-16a1df1d9a5a,b66db758-a205-3227-9cfb-bf19d2c1962d,Jamal145 Stroman228,M,GENERAL PRACTICE,121 HARVARD AVENUE  2ND FL,ALLSTON,MA,021342702,42.35241825,-71.13220132573996,12,0
c05a6383-dd26-3f75-92ea-e5de67bb2eff,32fcdfba-8c93-30f4-b15b-dd3b65c29deb,Sparkle906 Bernhard322,F,GENERAL PRACTICE,20 NORTH MAPLE STREET,HADLEY,MA,010359715,42.3615107,-72.55261320852942,9,0
ecfdc966-d787-33d7-9da5-14ca2639449e,0ddb0329-b59d-3187-874c-602c649249c8,Eldon28 Cassin499,M,GENERAL PRACTICE,115 W SILVER ST,WESTFIELD,MA,010853678,42.1178811,-72.75935246865802,100,0
3a6c4368-af2b-3dfa-af79-8794099fa85d,609ec9f1-e806-3427-b912-9e3b2915521d,Cherrie404 Conn188,F,GENERAL PRACTICE,575 BEECH STREET,HOLYOKE,MA,010406604,42.20105435,-72.628169560868,5,0
bec56f43-bb75-37df-9850-eebb0d4b0d51,bff65303-97b4-3841-950a-1c9e9e735de0,Alline927 Schimmel440,F,GENERAL PRACTICE,100 AMITY ST,FALL RIVER,MA,027212202,41.6737661,-71.16934217317342,4,0
ca110f14-0a53-3ce2-bbb6-1f06e3cffc96,bf556284-7513-3620-a10e-5393183a9a87,Tabatha105 Roob72,F,GENERAL PRACTICE,795 MIDDLE ST,FALL RIVER,MA,027211733,41.6924092,-71.16345107025307,275,0
ebcded5e-9615-31c3-b70e-4a13905a6425,4ffa4412-1493-3beb-b8f0-6614dde953a4,Harland508 Ryan260,M,GENERAL PRACTICE,363 HIGHLAND AVENUE,WAREHAM,MA,025715011,41.745636,-70.658192,30,0
0de5749b-bee4-3a40-8f35-f9654968b498,ede4a423-6258-3ef5-b5ba-0fa6bb579563,Olinda137 Paucek755,F,GENERAL PRACTICE,326 NICHOLS ROAD,FITCHBURG,MA,014205478,42.5974358,-71.80761197366103,55,0
f05dca30-1639-3a35-823d-09b16e296a81,a14e698d-a9ba-3eae-9c8b-682ec726433d,Brian582 Cummerata161,M,GENERAL PRACTICE,776 WESTERN AVE,LYNN,MA,019052408,42.466763,-70.9494939,14,0
2917fae8-b539-3d1d-bfd3-1b029249a64d,d4b9a3f0-210d-3e46-a2c7-e099658ac543,Ferdinand55 Moen819,M,GENERAL PRACTICE,7000 GREAT MEADOW ROAD,DEDHAM,MA,020264090,42.266408549999994,-71.19518435636284,9,0
92fdbf3d-1df6-34f2-af9e-dd9fc417130a,4c1a8ea6-b690-3c28-a02e-ebd82190ee65,Hui924 Cronin387,F,GENERAL PRACTICE,885 WASHINGTON ST,BOSTON,MA,021111415,42.3479909,-71.064924,12,0
9a584ae4-82fc-331e-8dc1-54cdd3526fb8,5ba6765a-f335-36b0-9c6a-6bb494c5330d,Sasha806 Schamberger479,F,GENERAL PRACTICE,31 OLD ROUTE 7,WESTWOOD,MA,020902333,42.2139873,-71.2244987,2,0
6b99529c-4111-3af3-82d8-f931ee68e732,b6eeaaf7-1683-3bcb-b6ee-81ce304636ef,Zachery872 Pagac496,M,GENERAL PRACTICE,170 GOVERNORS AVE,MELROSE,MA,021763225,42.4564323,-71.064182,520,0
a27360dd-04b6-3ffd-b647-02a6bb7a6e21,1c42af32-f17e-32ec-b007-4ff8e2de493e,Sherman440 Wunsch504,M,GENERAL PRACTICE,235 NORTH PEARL STREET,STOUGHTON,MA,020723396,42.1004556,-71.0668392,51,0
16b27c51-3d14-38f4-a0b2-c9dfccdf16af,65eda534-1bdc-3192-8d02-1c3764447790,Shanell37 Hand679,F,GENERAL PRACTICE,1244 BOYLSTON ST,CHESTNUT HILL,MA,024672115,42.3214927,-71.1711481,123,0
66865e49-17e8-3b0b-b772-ac8aa750599a,d613e441-68e8-3502-8adb-3f770a1276bf,Emmaline88 Witting912,F,GENERAL PRACTICE,114 WATER ST,MILFORD,MA,017573007,42.13661855,-71.53474614336832,56,0
04c7f59f-f00f-335a-a5dc-29354263cdfa,de29a374-221b-3cb4-8051-a02c1a35e5b7,Morgan564 Marvin195,M,GENERAL PRACTICE,562 WASHINGTON ST,SOUTH ATTLEBORO,MA,027036942,41.912892049999996,-71.36135809627689,54,0
3ae7c28b-4126-3d34-baf7-57df4db2e591,b0b89e26-30e3-35d4-af87-29fb529579cf,Tran115 Jakubowski832,F,GENERAL PRACTICE,391 HANOVER ST,FALL RIVER,MA,027205432,41.71019285,-71.14377103194548,2,0
2e39f6db-c04f-3e97-8a8e-66b83fd76381,ff6d901b-6850-378b-87d0-97a8c499aa43,Lisha487 Ferry570,F,GENERAL PRACTICE,935 WASHINGTON ST,NORWOOD,MA,020623411,42.18396765,-71.2037844209652,17,0
7cc59355-64fe-3342-9157-39f8a2d3ac5d,d3085315-9893-34c7-8889-3a31dc17c2b0,Ethyl508 Rau926,F,GENERAL PRACTICE,1428 MAIN ST STE 7,WALPOLE,MA,020811729,42.1325911,-71.2618886,38,0
25e3684e-29fb-368e-bf10-22830dc969db,1faab3d1-2ae5-3110-8e5f-c65b92ca906d,Theodore876 Ankunding277,M,GENERAL PRACTICE,29 LEWIS AVE,GREAT BARRINGTON,MA,012301713,42.19093125,-73.3715000043024,51,0
faece14b-ecb5-3279-9534-78a21252281a,76281d34-caff-30e0-8545-bcdf33182109,Jane262 Schmeler639,F,GENERAL PRACTICE,500 WILBUR AVENUE,SOMERSET,MA,027252051,41.72075205,-71.16843052114558,11,0
35c1ee75-b5a7-316d-82b1-7f4442f8c1f8,b3ada130-6443-3a8e-98c7-4ec127a2b0c4,Ned189 Haley279,M,GENERAL PRACTICE,ONE GREAT ROAD,ACTON,MA,017205601,42.4850931,-71.43284,14,0
3dcaafb9-f9a7-340a-a5eb-c6f7ee358b4f,7489f6e0-fee6-3fff-90b6-444868eb907c,Kasey569 Rau926,M,GENERAL PRACTICE,1 KIDDIE DRIVE  SUITE 106,AVON,MA,023221182,42.130150349999994,-71.05720685110387,3,0
e9af276a-5ec4-32b5-b158-fc3b1e899575,6cf8a214-8d57-3267-85e5-7719e15cd63e,Cindie288 Zulauf375,F,GENERAL PRACTICE,170 MORTON STREET,JAMAICA PLAIN,MA,021303735,42.299067750000006,-71.10124351911541,143,0
b33689ac-b9b6-3865-983b-3568ac7eb614,b4e81d20-a3d6-39db-8b04-bcc4ab5de7b2,Carri827 Flatley871,F,GENERAL PRACTICE,354 WAVERLY ST,FRAMINGHAM,MA,017027079,42.276938650000005,-71.41386787587439,64,0
0e78508a-8e4e-3eb1-aa21-d09f6c57a064,0fedae9f-701f-3317-9b2f-69aea2202cdc,Sharron285 Batz141,F,GENERAL PRACTICE,88 EAST NEWTON STREET,WINTHROP,MA,021522715,42.3750976,-70.982827,174,0
a44c8b05-0710-3af4-9afe-7867d0bcf514,86bbc3aa-e927-3d56-9d77-ab701b4b2926,Lucien408 Howe413,M,GENERAL PRACTICE,538 ROBESON STREET,FALL RIVER,MA,027205496,41.707225,-71.1432141111111,54,0
faddd656-98c9-3dae-85d8-7527fee20791,a3327df4-d092-350b-b551-e60c82076c9a,Amalia471 Tejeda887,F,GENERAL PRACTICE,46 NORTH MAIN ST,W BROOKFIELD,MA,015853232,42.23754835,-72.13791547215251,57,0
447c8874-2572-329b-a385-ab1af14daf57,aade280a-3b90-3e48-9648-91109a964a63,Johna806 Klein929,F,GENERAL PRACTICE,909 SUMNER ST,DARTMOUTH,MA,027473826,41.6332267,-70.9879928,331,0
a3979f14-23df-336a-8b9b-75de07020818,e59fb2d5-508c-38c6-af2e-21d8216dd2b0,Nicholle822 Fisher429,F,GENERAL PRACTICE,759 CHESTNUT ST,WARE,MA,010821625,42.256476,-72.237482,94,0
858b5f13-f45c-3a65-a783-e5b6bfb90aed,7a3b8310-02eb-3c47-aa1b-3f55b3ed9de9,Leif534 Dare640,M,GENERAL PRACTICE,6 HATFIELD ST,NORTHAMPTON,MA,010602545,42.333172950000005,-72.6566355591273,4,0
95649799-0583-3561-9635-a71720e36738,0f9d1260-db33-3483-b2b6-5483cfcb739c,Lizette501 Lebsack687,F,GENERAL PRACTICE,361 WOODWARD ST,WABAN,MA,024682027,42.326011949999994,-71.2254251580706,86,0
a92ac423-0d61-3af0-95f3-5d62c0f76949,980d9bfa-a344-3bff-8c02-232dd0e8fd34,Waylon572 Lakin515,M,GENERAL PRACTICE,100 TRADE CENTER SUITE G-700,WOBURN,MA,018011851,42.4792618,-71.1522766,30,0
b2a42a39-cfa5-31a0-b9b8-50d440414ddf,f480acd0-7ef1-350d-aae6-d8e7d53ace57,Gil594 Ondricka197,M,GENERAL PRACTICE,1193 SEA ST,QUINCY,MA,021693544,42.26883395,-70.95264075087945,90,0
52ea762b-5e6e-3053-9310-a9035259a70d,440fa4b8-c731-3cf5-81d9-aa3f30a37b95,Joanna347 Abbott774,F,GENERAL PRACTICE,41 & 45 MALL ROAD,PEABODY,MA,019602901,42.5278731,-70.9286609,287,0
5760b16a-da18-34d8-9c3a-53acf7436024,a1434ca1-a1ac-3884-abc7-fc4c35cc8b68,Connie24 Dietrich576,F,GENERAL PRACTICE,390 ORLEANS ROAD,NORTH CHATHAM,MA,026501154,41.700306363636365,-69.96549390909091,13,0
47a55ea1-40da-3ebf-a8e8-537260459865,0fab3c4e-a028-39a6-b15a-be5a88b6aa2a,Cletus494 Paucek755,M,GENERAL PRACTICE,222 STATE STREET,LUDLOW,MA,010563437,42.15547415,-72.47222226666076,168,0
3d41aba1-6aeb-3691-9d2e-e0bb388dec8e,3b021cb6-4745-3d9d-8436-230055f770bd,Eleni953 Franecki195,F,GENERAL PRACTICE,148 CHESTNUT ST,NEEDHAM,MA,024943238,42.27728075,-71.23665362814043,45,0
a04542b1-0a68-36bc-89bb-a17bc0497a40,ce53c877-0290-390a-b4b4-2462001a1713,Anabel269 Hilll811,F,GENERAL PRACTICE,847 ROGERS STREET  SUITE 201,LOWELL,MA,018524345,42.6275246,-71.27673639687623,14,0
8246fbfa-92f1-3999-ab1f-301535946c67,57e4e5fa-d68d-3caa-a5ad-37beb1b51207,Latrina689 White193,F,GENERAL PRACTICE,800 WASHINGTON ST,NORWOOD,MA,020623487,42.1886973,-71.2005241,16,0
24ffc48c-32fe-3209-ab86-9e3edc350d12,c92cc255-6778-3307-8092-987d667be4ce,Codi873 Bogisich202,F,GENERAL PRACTICE,89 FOSTER ST,PEABODY,MA,019608925,42.5278731,-70.9286609,70,0
ac25df2a-aac5-3d57-a07e-bc70a5802655,b8421363-9807-3b16-a146-95336eea5cfb,Catalina187 Covarrubias273,F,GENERAL PRACTICE,30 LOCUST ST,NORTHAMPTON,MA,010602052,42.33032115,-72.65330802608176,347,0
b250dfd5-2273-37b1-b32f-35858a3422e1,8424b5ec-ba0a-32e9-94ae-a9d397884093,Ileen763 Casper496,F,GENERAL PRACTICE,49 BLANCHARD STREET  SUITE 101,LAWRENCE,MA,018431456,42.69651155,-71.1612176954981,17,0
18e40f8a-1a6c-32cc-b4b8-c966f2deb563,24460683-f514-37ef-98c1-724b2fc9aa2a,Dale454 Wilderman619,M,GENERAL PRACTICE,60 HODGES AVE,TAUNTON,MA,027803034,41.91158935,-71.10129620180315,47,0
4106b515-33e0-312e-8143-6c7b0c2d42ed,1563fcb4-76a9-3ea4-863d-e276f38b9b3e,Carrol931 McCullough561,M,GENERAL PRACTICE,700 ESSEX STREET,LAWRENCE,MA,018414396,42.7020708,-71.17231,34,0
baab825c-8db3-3336-b898-620167e9f75a,901c2d40-1ca3-3879-9a20-c663b8adc0a9,Chanelle850 Schuster709,F,GENERAL PRACTICE,800 WASHINGTON STREET,STONEHAM,MA,021802445,42.4863168,-71.0928919,121,0
76b84629-0363-3054-9dda-a107cf4840e8,70d5bbef-3c05-3318-b9d7-003dc8fbb8cf,Shenika151 Little434,F,GENERAL PRACTICE,33 SUMMER ST,TAUNTON,MA,027803479,41.9005416,-71.08895606814966,1,0
9b1042da-3114-3f03-8061-092322924d63,22249c0a-8ce9-3726-a3bb-b037c773ce5c,Thaddeus38 Sauer652,M,GENERAL PRACTICE,337 NEPONSET AVENUE,DORCHESTER,MA,021223103,42.2875144,-71.0470691675753,5,0
cf9a656a-739f-3c82-89bb-545ccf69dee5,7a75decf-7d3f-3b0d-8c2b-3abf0a8c7f58,Olin642 Kulas532,M,GENERAL PRACTICE,169 LIBERTY ST,MIDDLETON,MA,019491003,42.615226050000004,-71.0144865346162,28,0
cf642dae-002d-3f5a-9b56-4bc6d95df278,46a09a29-4bda-3572-89dd-5def154669ed,Claretha922 Kiehn525,F,GENERAL PRACTICE,4901 N MAIN ST,FALL RIVER,MA,027202080,41.758923100000004,-71.11356439219409,1,0
8bc068fd-973e-35b6-9b4c-0267a939be6c,2f735290-1603-31b5-b561-7c8e0d413170,Jolynn62 Adams676,F,GENERAL PRACTICE,100 FOXBOROUGH BLVD STE 230,FOXBOROUGH,MA,020352878,42.041851949999995,-71.23486657070565,6,0
7d4b5c69-b001-3c0d-8028-34010ac7d264,27bf2e46-7445-35e7-9106-3ce1b074db47,Alfred550 Donnelly343,M,GENERAL PRACTICE,80 BOSTON RD,NORTH BILLERICA,MA,018621034,42.5871093,-71.2948553,2,0
12bb1c82-8ac2-39cc-a795-db042a0ea348,e1818b21-4458-3b9c-b2b8-7ed6f57ae078,María Soledad68 Rosas160,F,GENERAL PRACTICE,2399 BOSTON ROAD,WILBRAHAM,MA,010951185,42.14668485,-72.45048427046072,2,0
2d7ed87f-49fc-3ed6-8067-f5cf98485802,8d110f42-6f75-3751-b0c5-b45ab08333a1,Lino542 Feest103,M,GENERAL PRACTICE,88 WASHINGTON ST,TAUNTON,MA,027802465,41.9062805,-71.09518121351795,555,0
c9b208f2-1ec3-3de7-9b8a-c77504b66a37,200746fc-5d0f-3ec7-a2a9-3d9a219ee139,Latrisha74 Rippin620,F,GENERAL PRACTICE,800 CUMMINGS PARK  SUITE 3100,WOBURN,MA,018016355,42.4977745,-71.1237712,14,0
1d682549-55c7-3076-a64e-55f439ccd0c9,d6600c68-8a26-3a88-86e2-99517365c10a,Jeniffer557 Wolf938,F,GENERAL PRACTICE,175 Elm Street,New Bedford,MA,02740,41.635937,-70.92991,803,0
b6fe09ab-379d-3b22-8ca1-f133b4f456c4,f2068cee-c75c-321d-9b2c-c33535db89c9,Charles364 Prosacco716,F,GENERAL PRACTICE,32 BOSSI AVE,RANDOLPH,MA,023682002,42.20017865,-71.0582074,30,0
fbebeb5e-9b5d-3dcb-9206-f020fda0e7ba,9b1f8cd0-2246-3f4f-82df-23ea314c7665,Verdie59 Bruen238,F,GENERAL PRACTICE,800 ESSEX ST,LAWRENCE,MA,018414617,42.70162725,-71.1755487945157,1,0
01181419-8315-3d51-a6ed-73534af8eb25,655f2a4f-419c-39d3-8ed6-6c4117eb7e32,Aurore252 Herzog843,F,GENERAL PRACTICE,21 MAIN ST,NORTH READING,MA,018641326,42.566971949999996,-71.10799861135133,62,0
162ba427-0ecb-39dd-9f03-e560a3bfa2fb,118e081c-c2f2-35cd-b9c3-ef534f1b7830,Nilda678 Ziemann98,F,GENERAL PRACTICE,1364 MAIN ST,READING,MA,018671137,42.55581805,-71.10585713492983,1,0
42f44150-8ab6-342a-9e3e-e684c6bd4113,5018c664-e283-30eb-932a-529d9a19b3b5,Numbers230 Stehr398,M,GENERAL PRACTICE,300 SOUTH ST,WOBURN,MA,018014979,42.473347,-71.144086,109,0
0868e894-083e-3bcb-a9d1-743e8f11f811,2e8b42f8-4300-30a9-a576-d513d1021a0a,Chris95 Haag279,M,GENERAL PRACTICE,600 CLARK RD,TEWKSBURY,MA,018761699,42.63120935,-71.27023603178071,53,0
606ba094-33c7-34b0-b5cb-0d121023a870,d140ed3f-2696-3e78-bd77-1c959ec4fc4d,Jamal145 Marks830,M,GENERAL PRACTICE,863 HATHAWAY ROAD,NEW BEDFORD,MA,027401916,41.6512968,-70.9669902070805,44,0
93c012f1-34d2-3d1b-8733-d7ee1c42db82,bccd7d67-203c-3d93-b6b0-bff5a146cd1d,Courtney281 Kihn564,M,GENERAL PRACTICE,286 WASHINGTON ST,STOUGHTON,MA,020721763,42.1384306,-71.1022598,8,0
2b166ec8-64a9-36a3-ad75-8667870172e5,63cb4d95-04a9-3a35-b5d9-f89e0377a48d,Chu728 Weber641,F,GENERAL PRACTICE,211 PARK ST,ATTLEBORO,MA,027033143,41.9419187,-71.2752081695297,2,0
e43c0d85-5e08-3acd-b6a0-a261e7dff631,263d1b03-1560-3fc3-b93d-c33a0cbd5837,Nam74 Treutel973,F,GENERAL PRACTICE,10 RIVERSIDE DRIVE  STE 201,LAKEVILLE,MA,023471689,41.8771119,-70.92344635,26,0
a82eb562-da80-3688-870a-dd856318352a,0d24cc89-3256-330c-b36d-d8de8babef84,Guadalupe206 Cazares77,F,GENERAL PRACTICE,1030 FALMOUTH RD,SOUTH YARMOUTH,MA,026641218,41.6667779,-70.1847414,70,0
20d8edfb-3802-317e-ada4-495e50b88ce3,19a65317-5d32-355e-8f82-88933d48366d,Carl856 King743,F,GENERAL PRACTICE,5 PRECINCT ST,LAKEVILLE,MA,023471468,41.8455651,-70.95195924208448,55,0
a788aa70-0321-3229-b331-d2282f222630,9d0e702d-50a0-3f4c-9126-0951d560fd4b,Otha286 Roberts511,M,GENERAL PRACTICE,189 MAY ST,WORCESTER,MA,016024339,42.25986305,-71.83597786023279,147,0
7553f6a4-f93b-3ecb-aac9-aa7da9274891,c656d426-a307-372e-85f4-add29b4f178b,Micheal721 Larkin917,F,GENERAL PRACTICE,174 ARMISTICE BLVD STE A,FALL RIVER,MA,027212367,41.7010642,-71.1546367,86,0
6cbe81ec-cb5e-3ff8-8d64-23a2b72604e1,c7542447-e06e-32cb-b6db-243c23a0dbc2,Carson894 Krajcik437,M,GENERAL PRACTICE,30 WARREN ST,BOSTON,MA,021353602,42.3501483,-71.14393324457691,523,0
6151d84b-6b95-32d2-b2a6-d252a40cffba,50c47685-8125-3c50-8311-8bd7ba9e9108,Beth967 McKenzie376,F,GENERAL PRACTICE,4199 WASHINGTON ST,ROSLINDALE,MA,021311733,42.2871447,-71.1277526,31,0
78d7cfd5-2d36-3e27-afdd-5a0d011a3f56,8bf5325a-c11b-35c4-b07d-17a5aeba8353,Penni796 Okuneva707,F,GENERAL PRACTICE,815 WORCESTER STREET,SPRINGFIELD,MA,011511001,42.1018764,-72.5886727,14,0
9c26b930-1fc3-341d-a1e8-753910a725a8,46375470-1e20-3ddc-8dc5-010ba53826b6,Clara183 Reynolds644,F,GENERAL PRACTICE,40 WRIGHT ST,PALMER,MA,010691138,42.16934095,-72.34120457065711,41,0
6001d127-d7d5-34ed-be54-d3f9879510af,aba3e6f6-4562-342e-b90f-dd61b117f394,Maryjane289 White193,F,GENERAL PRACTICE,438 CHESTNUT STREET,SPRINGFIELD,MA,011072008,42.11291091861002,-72.59692685125127,25,0
818223fb-9346-3185-8f5b-212be1a1209f,a4b91172-69e7-3895-bd89-b9a0868de5c2,Salvador46 Wolff180,M,GENERAL PRACTICE,651 ORCHARD ST,NEW BEDFORD,MA,027441052,41.6149879,-70.93113851963673,14,0
71a9ad11-6e33-3edc-ac89-dce0805d30f5,47fb5a56-bee5-3ecd-9958-706b20831c82,Karey608 Torp761,F,GENERAL PRACTICE,600 CUMMINGS CENTER  SUITE 270X,WOBURN,MA,018016356,42.4792618,-71.1522766,3,0
2081089c-c1cb-399f-9a34-f66e92c675a0,eee00932-ca82-36bc-b7e8-e3fff6dbaeaa,Cira533 Hane680,F,GENERAL PRACTICE,450 BROOKLINE AVE,WEYMOUTH,MA,021893141,42.2212188,-70.9391625,14,0
66b9deb5-eab2-3a26-b6a1-146c776d79bc,50c7f768-9138-3dae-a67d-953bdf9ad754,Glenn0 Bogisich202,M,GENERAL PRACTICE,125 COUNTY STREET,TAUNTON,MA,027803561,41.8960599,-71.07799243944345,4,0
34fb5512-0118-32f6-8423-e5294acb6461,6f90eaad-abe3-3ce0-b9a6-2031c5674f0d,Gordon377 Wuckert783,M,GENERAL PRACTICE,800 TURNPIKE ST STE 300,NORTH ANDOVER,MA,018456156,42.66074825,-71.10724143845708,60,0
89f6ff13-0306-36ab-b519-3b24eaadb092,065eba51-cef7-3976-8654-ba8e7df887ce,Lyndon118 Block661,M,GENERAL PRACTICE,1165 NORTH PLEASANT STREET,AMHERST,MA,01002,42.40927615,-72.52971238527101,8,0
ae0e54d6-9636-320e-a104-667ca3a26404,a06b1a97-d6ce-3ea1-ba4a-2ef85a8114ab,Wanda961 Goyette777,F,GENERAL PRACTICE,400 GROTON ROAD,AYER,MA,014321171,42.57821195,-71.5733060441645,15,0
7079137e-6e1e-37b6-beb0-04718d60c685,6873525f-1680-3ceb-b536-270d44b46e2e,Raymond398 Nicolas769,M,GENERAL PRACTICE,500 COLUMBIA RD,DORCHESTER,MA,021252322,42.3147979,-71.067633,22,0
f8fe54b3-159c-3fa3-b7fe-d90c146f6858,f8918a95-31e8-3ac4-8d12-29ca6080ebda,Rudolf736 Vandervort697,M,GENERAL PRACTICE,199 REEDSDALE RD,MILTON,MA,021863926,42.251368299999996,-71.0768393856917,144,0
ac3c61be-eb29-39dd-9e90-aeb652ec8df1,8d5880eb-1dd8-31ea-b7c5-21709f3bb341,Jared66 Satterfield305,M,GENERAL PRACTICE,50 ROWE ST,MELROSE,MA,021763201,42.4592093,-71.06078096379728,95,0
3a3acb1e-c0f2-39c9-94d3-f0a679633e13,70e3ad4f-b9ff-3f3e-9990-2cd7e23a9d1c,Zane918 Bosco882,M,GENERAL PRACTICE,1238 RIVERDALE ST,WEST SPRINGFIELD,MA,010894675,42.1373438,-72.62624707492338,13,0
947d1481-9fbc-374a-97db-0ca5eecca4dd,dd280187-8662-3732-af81-595d10572911,Clifton91 Lakin515,M,GENERAL PRACTICE,4499 ACUSHNET AVE,NEW BEDFORD,MA,027454707,41.74026055,-70.9450945705336,850,0
e21fbf0a-f9e3-3747-91b4-df9c533cc70a,a6964d47-8af0-3df2-b99d-d8414eb1cfa3,Adrienne302 Schiller186,F,GENERAL PRACTICE,200 MAY ST,SOUTH ATTLEBORO,MA,027035520,41.924394750000005,-71.36076410900014,392,0
7850857f-799a-3608-b66c-6de2f2bb5b0f,dae3ee01-f383-366e-9ad6-dc92963064ea,Kristin64 Will178,F,GENERAL PRACTICE,1233 MAIN ST,HOLYOKE,MA,010405381,42.16578055,-72.63389634691956,39,0
b12b52b0-a57a-3b5a-8f52-2f1e23bcbac6,dac75bc1-cbfa-306b-9a0a-88d5edf3638d,Addie421 Ebert178,F,GENERAL PRACTICE,170 COREY ROAD,BRIGHTON,MA,021358244,42.3433093,-71.14003855124017,22,0
a5f21627-bff3-3295-a176-96f1ca28293d,63b4f233-fb49-3b1e-a17c-2d572367b131,Anita473 Guzmán14,F,GENERAL PRACTICE,2222 CENTRE STREET,WEST ROXBURY,MA,021324034,42.27370345,-71.15856364656862,18,0
70b53a9e-b3d0-3afc-a6ab-247b8c420ecc,92d919ab-8380-3fda-a5f1-838e69b819c1,Velda682 Gutmann970,F,GENERAL PRACTICE,300 TRADECENTER STE 4750,WOBURN,MA,018017420,42.4994143,-71.161659,30,0
7857b73a-f3ac-3239-b8f9-e98018f2643f,af3871c3-2098-3051-bcb7-8a919e194a16,Sherwood961 O'Conner199,M,GENERAL PRACTICE,97 LIBBEY PKWY,WEYMOUTH,MA,021893110,42.19322885,-70.94589987654936,8,0
f25f96cf-352b-3c36-aa62-48cf442fb409,0319f6d9-60a3-36ac-9f26-b782d7997b1c,Roger751 Quitzon246,M,GENERAL PRACTICE,22 MILL ST,ARLINGTON,MA,024764738,42.4177455,-71.1579688,29,0
0c3e95f2-2dbe-32fc-b91b-57e733635967,a2cc09de-c1e2-3126-8c09-d49f95225281,Darnell564 Leannon79,M,GENERAL PRACTICE,300 LONGWOOD AVE,WALTHAM,MA,024532741,42.3756401,-71.2358004,103,0
21183e33-cccf-3276-ab2f-c37014a6351a,44cb1162-a345-3477-8723-c202a3c8cdcd,Shaquita282 Graham902,F,GENERAL PRACTICE,73 W MAIN ST,HOPKINTON,MA,017481619,42.21799145,-71.54005509979045,75,0
63bbcd8b-e501-3c7a-90e6-387717a6aad5,f341c366-8313-3790-ab26-d8d27b116ff5,Eva64 Jaramillo133,F,GENERAL PRACTICE,80 LINCOLN STREET,WALTHAM,MA,024535465,42.39322121170625,-71.24104146434591,22,0
adff62c6-e528-32a2-aed8-f401ac99e6b6,f312977e-8f41-3816-84cc-e5b12ba36955,Eldora89 Langosh790,F,GENERAL PRACTICE,1153 CENTRE ST,JAMAICA PLAIN,MA,021303446,42.3017598,-71.12855793387442,27,0
54a10756-f5e2-34f2-aa05-7e41b26fb641,4ffc4e4b-9d8d-3c30-ad84-fc9a7209da94,Troy560 Carter549,M,GENERAL PRACTICE,4525 ACUSHNET AVENUE,NEW BEDFORD,MA,027454727,41.74080975,-70.94731021257817,9,0
d3eee5e8-e499-3aef-8515-103bff10d822,bebc1dac-6c42-3225-b0ba-23278cdf2a62,Cherry401 Hackett68,F,GENERAL PRACTICE,464 MAIN STREET,AGAWAM,MA,010011826,42.07695165,-72.62026217030348,2,0
58b72fa4-782e-3749-985b-bfcbc1e5ea9b,5a6fa8a5-90e2-3f70-bb3e-3d9dd7ad2f96,Josue598 D'Amore443,M,GENERAL PRACTICE,44 NEW LOMBARD RD,CHICOPEE,MA,010204857,42.1678446,-72.54203576723424,2,0
6f24fbf4-a2bd-3ace-8da2-10bfda7dd200,e69e7cbb-8362-30d1-83f2-3a0c492fe2b1,Chris95 Kub800,F,GENERAL PRACTICE,110 LONG POND RD,PLYMOUTH,MA,023602642,41.9255829,-70.65514326847389,28,0
2c9a580d-195a-3510-a525-7a2be90ecea3,d13ac855-c068-3b57-8d65-fc3c90f32558,Mertie42 Orn563,F,GENERAL PRACTICE,383 SOUTH ORLEANS ROAD,BREWSTER,MA,026312870,41.738964949999996,-70.00124453922743,2,0
a4afeb26-f2eb-3c57-a93c-e30944fc47b5,9e469108-97a0-350a-b6ba-be2a286b3dcc,David908 Mueller846,M,GENERAL PRACTICE,150 FLANDERS RD,WESTBOROUGH,MA,015811017,42.2770724,-71.5679154706427,10,0
cb05c001-9e4f-3d3c-81ae-202676157e60,06cc2462-430f-3322-9c87-7e971125f510,Bryon392 Mann644,M,GENERAL PRACTICE,133 OLD ROAD TO 9 ACRE COR,WESTFORD,MA,018863198,42.5792583,-71.4378411,240,0
ef829be6-2347-360d-a848-3d3b1770c35a,2b3f6816-b774-3bb5-8654-915e5f712f9c,Kai187 White193,F,GENERAL PRACTICE,1650 WASHINGTON ST,WEST NEWTON,MA,024652241,42.34253672934744,-71.23694527065257,1,0
152d1e6a-c1ab-3fdc-a3ac-2f275acf8e7c,db106514-f254-3402-b6a4-6d210c78c7e2,Kimbra238 Runolfsdottir785,F,GENERAL PRACTICE,211 FRANKLIN STREET,QUINCY,MA,021697833,42.23691085,-71.00237199954586,3,0
fb2076f6-00ad-3bb5-8b10-df478bf58c91,ee7fab6f-6438-394f-b1f2-3e452f8f055a,Trey250 Satterfield305,M,GENERAL PRACTICE,75 BRIMBAL AVENUE,BEVERLY,MA,019156009,42.570099299999995,-70.87108224250409,5,0
e65106aa-5d2c-3fcf-95ae-ca6323aa6c11,79508e39-d0b0-3613-9d54-168f6e1c3a18,Antonette454 Tromp100,F,GENERAL PRACTICE,200 GROTON ROAD,GROTON,MA,014502056,42.577352149999996,-71.57414587343038,50,0
c485f21a-6d2c-3d81-8362-496599098c27,1ce0d1a3-b507-3ad1-afc5-b25bfe48b8dc,Dovie983 Welch179,F,GENERAL PRACTICE,10 PEARL STREET,STOUGHTON,MA,020722364,42.125716800000006,-71.1025481568314,2,0
cf77134f-e726-3e53-bf91-a636860eb709,880fad59-9c38-3a21-a39f-ccc801502ab3,Halina47 Pollich983,F,GENERAL PRACTICE,799 CONCORD AVENUE,CAMBRIDGE,MA,021381048,42.390849395521705,-71.1556550001627,5,0
6bb13621-5628-3642-9111-58981ec99869,e34d8448-8b98-3f91-9fe7-faeb8a78e1db,Gordon377 Monahan736,M,GENERAL PRACTICE,NEW ENGLAND SINAI HOSPITAL,MILTON,MA,021862377,42.2501425,-71.065573,37,0
5c3678b7-fd94-37ce-887b-02f374a5997e,4887dc20-9ef6-3cc2-9c56-858388049a50,Kimberlie352 Kertzmann286,F,GENERAL PRACTICE,168 WEST CENTRAL STREET,NATICK,MA,017604122,42.282113100000004,-71.37898579435048,6,0
48c62fdc-c336-3c33-915f-d8bbd1308d43,e6d63525-40f0-3391-a58a-e6a03598911f,Dorotha379 Kassulke119,F,GENERAL PRACTICE,400 STANLEY ST,FALL RIVER,MA,027206009,41.7148511,-71.13527009152534,176,0
e0369979-4f68-3ae1-8524-f5eed88f260b,fb4a08b8-57ee-382b-b3cb-43d94f1bb4c0,Theo630 Hammes673,F,GENERAL PRACTICE,1010 SOUTH MAIN STREET,FALL RIVER,MA,027242855,41.690775450000004,-71.16515282264554,125,0
0c6768ab-8240-3d5c-a58c-363f9bea6637,d0894f6b-78d7-338d-82ad-b63de4d40014,Dewayne363 Lemke654,M,GENERAL PRACTICE,330 MOUNT AUBURN STREET,WALTHAM,MA,02452,42.3756401,-71.2358004,9,0
e7b2ffde-a0f9-31bd-aa6e-10a0a175a040,0d19a52f-6f9b-32aa-9aad-6b7027cc668e,Spencer878 Mills423,M,GENERAL PRACTICE,7 SANDISFIELD ROAD BOX 216,SANDISFIELD,MA,012559621,42.1131485,-73.1299243,2,0
e94fc32c-c7cc-3b83-8ff6-5cfeaa594acb,88975fd9-b47e-3af6-af78-c58e1ecf0d5e,Barry322 Feil794,M,GENERAL PRACTICE,115 W SILVER ST,WESTFIELD,MA,010853628,42.1178811,-72.75935246865802,41,0
e3432f19-b0ad-3872-95fd-fef82fb679a4,ba5db88e-396b-39a6-9a0a-e9791bc709b7,Lester513 Olson653,M,GENERAL PRACTICE,80 ANDOVER ST,ANDOVER,MA,018105606,42.6390425,-71.15835003183432,2,0
8d12b7c2-d31d-3bda-8524-c33e45d56a24,069b90f9-309b-35e4-b990-d1dbacb962cc,Leo278 Strosin214,F,GENERAL PRACTICE,36 LOWER WESTFIELD ROAD,HOLYOKE,MA,010402749,42.16975305,-72.63488031242107,5,0
4d0ff4e0-3784-32d9-9e19-6b50563f3dc1,4ba48ef6-19f2-3177-bfaf-096daaebf26a,Gerald181 Wunsch504,M,GENERAL PRACTICE,275 TURNPIKE ST,BRAINTREE,MA,021845328,42.2064195,-71.005067,47,0
c7dc9fcf-2282-3ee6-9051-e76552042a65,a2047ff6-62f2-34d7-beb9-7e164d989c75,Emma804 Larkin917,F,GENERAL PRACTICE,1200 CENTRE STREET,ROSLINDALE,MA,021311011,42.29768,-71.130463,2,0
67b8f96b-40b6-3bde-8e70-0795f3da560b,5d0d1d11-dd8a-3d28-b029-93062b6798a5,Shirley182 Flatley871,M,GENERAL PRACTICE,378 PLANTATION STREET,WORCESTER,MA,016052324,42.27966095,-71.7626143755108,1,0
6cfcaa96-3574-364e-aee9-f8920f35f221,dfcd78f1-f67e-321d-84e3-f658c482c474,Sacha430 Wisoky380,F,GENERAL PRACTICE,64 WOODLANDS WAY,BREWSTER,MA,026312550,41.737807,-70.0036669,63,0
5762b1b8-97de-3155-ae5c-251bb67b8e51,48a6d3ab-50ef-349e-8945-2558a78f378e,Mercy752 Kuhlman484,F,GENERAL PRACTICE,795 MIDDLE ST,SWANSEA,MA,027774114,41.730919,-71.208117,74,0
0cf0ce61-800f-3c72-81cf-ce7f4b6a7bfc,7b7ce654-a413-37d1-9d34-97240c0ac580,Liberty95 Kihn564,F,GENERAL PRACTICE,1 WRENTHAM ST,BELLINGHAM,MA,020192532,42.025037350000005,-71.48945118224057,101,0
0f7f64ec-70bc-3751-bf13-b21062df077b,93bf4a6b-8fb3-3a1e-9be6-4958736f2bfb,Kory651 Trantow673,M,GENERAL PRACTICE,1102 WASHINGTON ST,BRAINTREE,MA,021845438,42.19876545530798,-71.00672788298964,1,0
376bdf36-e97d-3929-b01e-f8fb745cc4d8,f1c6e386-ed52-3f97-a2b0-4e21ad2d0966,Rhonda22 Bins636,F,GENERAL PRACTICE,54 COURT ST,TAUNTON,MA,027803201,41.9028629,-71.09718927122583,30,0
047754e9-62ec-32c6-bcd2-172e936b77cf,7b20d1c4-c56b-3647-801c-5e4e13679073,Riley817 Prohaska837,M,GENERAL PRACTICE,275 SANDWICH ST,PLYMOUTH,MA,023602183,41.94186605,-70.6455366462985,13,0
e6177397-3384-346e-8670-1d9407d44d15,3e97ce4f-3ad7-3cea-883f-e2bb4ca89d83,Fidel864 Swift555,M,GENERAL PRACTICE,30 NEW CROSSING RD,READING,MA,018673270,42.51809619399502,-71.0959083715027,346,0
0a4c190c-9ce1-3c56-ac15-3794c5f90d09,c60fc3df-9dbd-3f31-a456-41c84490266f,Lavonna163 Johnson679,F,GENERAL PRACTICE,146 MAC ARTHUR BOULEVARD,BOURNE,MA,025323902,41.7412166,-70.5989196,2,0
c23f2818-26a4-3cd2-a40b-08e3a694c22c,71d9e7fe-5a34-3f11-8edb-f79c482785fe,Liane379 Kunze215,F,GENERAL PRACTICE,42 CAPE RD,MILFORD,MA,017573292,42.1274477,-71.5195252,28,0
658ee602-d12d-371f-a7bd-e491e7fdc826,4f59f709-8b84-3d27-a04b-c6b7b5544413,Mario764 Aranda843,M,GENERAL PRACTICE,70 BOLTWOOD WALK,AMHERST,MA,010022271,42.3768779,-72.51840280783739,101,0
5cafadb4-f407-3b8c-84b9-f0b87ac6aa3c,c4e5b33c-17b8-3f51-a8ba-a327d54e642a,Kaila152 Dibbert990,F,GENERAL PRACTICE,94 N ELM ST,WESTFIELD,MA,010852917,42.1322823,-72.7436679,22,0
ded9b305-6f8c-3386-a20c-ed91ee0364df,36d328a2-68bb-3967-a9bf-00897a7c945f,Lynn917 Rodriguez71,M,GENERAL PRACTICE,299 WAREHAM STREET,MIDDLEBORO,MA,023462905,41.869676,-70.873384,1,0
bbe30919-3231-334a-b5ad-89f4af9839e9,5225cc87-6a30-303c-a882-5f001cee7f0e,Denis399 Boyer713,M,GENERAL PRACTICE,110 W SQUANTUM ST,QUINCY,MA,021712122,42.27259075,-71.03082765,50,0
4fd33680-4181-3ef3-9c7b-d546a95a5432,79d49935-bcc0-36ca-920b-45365c367438,Sherita708 Hudson301,F,GENERAL PRACTICE,409 W BROADWAY,SOUTH BOSTON,MA,021272245,42.336831,-71.047958,40,0
ec558918-e401-330a-b94b-21cbb8d4dd59,0f2c58ec-5323-3c0f-9bdf-af0df7eb2a2b,Mana631 Boehm581,F,GENERAL PRACTICE,130 DORCHESTER STREET,SOUTH BOSTON,MA,021272642,42.3334312,-71.0494949,6,0
cfd81104-036a-39c4-9c7f-d91d7974e67c,680532c8-2661-3b39-875a-b6ec0746ccf5,Buford910 Dach178,M,GENERAL PRACTICE,30 ATHOL ST,ALLSTON,MA,021341124,42.36075595,-71.13397379082869,34,0
f388d2a4-64b7-3724-b001-4a02c1dbdd93,51370692-6296-3150-8672-559fc73f964f,Almeda560 Okuneva707,F,GENERAL PRACTICE,75 FRANCIS ST,WEST BRIDGEWATER,MA,023791542,42.0219112,-71.019004,47,0
3878f62d-7800-3b8f-b00d-f1d980b4f04b,06376cbe-4880-384b-b459-7ce3eef36ced,Lynwood354 Ratke343,M,GENERAL PRACTICE,387 QUARRY ST,FALL RIVER,MA,027231026,41.6932713,-71.1402431739568,124,0
b8cfddc0-906c-3cd2-a2f6-3a0b2ff5bf82,b3312a2d-37e9-35a8-b50d-6c165c437baa,Eliseo499 Reinger292,M,GENERAL PRACTICE,45 DIMOCK ST,ROXBURY,MA,021191029,42.32030665,-71.09721114916246,6,0
3c54db6b-9314-3b6d-ab95-92738c7b2df9,2836d9ac-c6a6-39d1-8f13-fdf0fc8928f4,Alysha630 Koch169,F,GENERAL PRACTICE,365 EAST ST,TEWKSBURY,MA,018761950,42.6069472,-71.2180803,345,0
e3b0af1e-79be-32a6-b793-8bb997b7be60,82c72223-f521-3a34-9b9b-4ff366365399,Shon148 Reinger292,M,GENERAL PRACTICE,2100 DORCHESTER AVENUE,QUINCY,MA,021691870,42.2509914,-71.0037374,69,0
f80a9027-0a3d-3ab7-ad5c-71822e6aa7b7,01516bed-cf23-30da-ad4f-967d65529743,Tena12 Davis923,F,GENERAL PRACTICE,67 BRIGHAM ST,NEW BEDFORD,MA,027402211,41.62716045,-70.9414201572985,28,0
a55cc562-c9cb-3c55-ae26-d33718a99f5f,7c625dc4-2593-31eb-95fd-6a912832b8bb,Imogene688 Braun514,F,GENERAL PRACTICE,980 WASHINGTON STREET  SUITE 124,DEDHAM,MA,020266704,42.228918,-71.18501264023513,4,0
fd1ef90b-309a-3f85-abf8-51bba216820e,04b252db-4231-3cb5-963d-6f096fb4b97c,José3 Menéndez746,M,GENERAL PRACTICE,1177 PROVIDENCE HIGHWAY,NORWOOD,MA,020625019,42.194543,-71.1994976,9,0
7ffd26e9-0d9e-3020-bd77-683761cfa913,83579123-f29c-39b8-9f5f-8f79e91683c7,Reggie481 Kassulke119,M,GENERAL PRACTICE,100 CENTURY DR,WORCESTER,MA,016061244,42.3138278,-71.7707002,26,0
121f8f6e-8169-392c-9885-5fa2f3691ef3,e2eab39c-5195-34aa-b35f-e89e37cfed01,Miguel815 Roberts511,M,GENERAL PRACTICE,55 FOGG ROAD,WEYMOUTH,MA,021893141,42.175539799999996,-70.9539153674405,309,0
28505fa5-5de4-3c99-954f-345cdb43da16,4fa8411f-42f8-3353-8947-bf15254c9dee,Lane844 Gutmann970,F,GENERAL PRACTICE,90 GREENWOOD STREET,WAKEFIELD,MA,018804039,42.476321150000004,-71.06922169005762,117,0
2a0c19a1-5d3a-315d-8495-3b9bb814341e,1de7e7d9-9a7a-3a3f-bf4c-b4de450711f2,Clelia416 Morissette863,F,GENERAL PRACTICE,198 LITTLETON RD,WESTFORD,MA,018863429,42.564282,-71.42620615382347,8,0
c23f9b8c-d22e-3c8c-8892-037b45ab226f,4705a8fd-19cd-32c1-8b3e-34bcfe84d0bd,Wynell591 Mayert710,F,GENERAL PRACTICE,55 N WASHINGTON ST,NORTH ATTLEBORO,MA,027601607,41.983529,-71.332241,125,0
ae5bfca3-a0c9-37fa-832d-80b9e1008305,497f39dd-280e-3d58-af5b-c5e3a3a09b10,Randy380 Bergstrom287,F,GENERAL PRACTICE,27 PARK ST,HYANNIS,MA,026015230,41.65363635,-70.27352219234834,292,0
ae1d0610-748e-334e-a3c6-e72db85b5a2e,f2a6c4f7-f5b2-361a-95c4-3d635b352a46,Marshall526 Lynch190,M,GENERAL PRACTICE,546 SOUTH STREET EAST,RAYNHAM,MA,027671079,41.8984957,-71.03751432894776,4,0
8d12b167-934e-3fd2-9b9b-3ebbd22aee8a,578b56de-fe9c-32e1-aea4-876f8bc01e9c,Ollie731 Dooley940,M,GENERAL PRACTICE,49 HILLSIDE STREET,FALL RIVER,MA,027205211,41.707406500000005,-71.14593659462452,901,0
cb4095e3-7cac-3d0b-9e17-d3675a1fd193,0d7fd824-1c7b-3f8b-a662-f6c2005e82e1,Arminda86 Trantow673,F,GENERAL PRACTICE,88 MASONIC HOME ROAD,CHARLTON,MA,015071394,42.1389039,-71.9782681,3,0
4db2f26d-5793-33c6-8b3b-f31719839d3f,a525d084-5a8f-3859-a048-2130a4092ec8,Linette249 Runte676,F,GENERAL PRACTICE,2 MOUNT ROYAL AVENUE  SUITE 350,MARLBOROUGH,MA,017521976,42.34042135,-71.57841367654626,4,0
3744b42f-597c-32cb-af06-0ab68ae567ac,accb8cdd-6560-3fef-b0a6-f12c3295026a,Kerrie266 Bergstrom287,F,GENERAL PRACTICE,969 PARK STREET,ATTLEBORO,MA,027035115,41.9266899,-71.2611303145582,8,0
62aec52b-fa5a-364d-ab79-b8c82c2a649c,18a96051-91f4-3cba-af96-056ea14dfee0,Gaston250 Grimes165,M,GENERAL PRACTICE,25 HIGHLAND AVENUE,NEWBURYPORT,MA,019503872,42.81369325,-70.89091645747592,5,0
d7b6278e-1bfd-32f8-9f47-d8617cadde6c,41e2a44c-477c-3511-96f9-12c476aa3b6a,Latoyia537 Lindgren255,F,GENERAL PRACTICE,85 E NEWTON ST,BOSTON,MA,021183553,42.336277100000004,-71.07085295687423,111,0
de4ad17c-01fa-345b-a846-75f47806125f,edbb9e9c-3440-3b38-abfc-83a8f0b6bebc,Temeka297 Huels583,F,GENERAL PRACTICE,273 OAK GROVE AVE,FALL RIVER,MA,027232315,41.70179473202871,-71.13310371798859,4,0
da70077b-e716-3d06-8925-5eeb6d0abc40,b44955d1-f0e2-3beb-a013-708a81dbe430,Idella49 Runte676,F,GENERAL PRACTICE,680 CENTRE ST,WEST BRIDGEWATER,MA,023791600,42.0219112,-71.019004,29,0
bb7b89d1-98d0-3b59-8eec-4760a5d766db,ad2dab07-4f85-3950-baaa-7c7cd2aa770c,Gertrud593 Kuhic920,F,GENERAL PRACTICE,55 LAKE AVENUE NORTH,WORCESTER,MA,016550002,42.2774799,-71.76166994969458,14,0
e4ea0179-89d6-36f7-8a01-4c89d20f3481,18b1bb7e-2f93-3253-a7ae-d19c13ffeaa1,Derick144 Bashirian201,M,GENERAL PRACTICE,29 E 29TH ST,WEST NEWBURY,MA,019854201,42.8014795,-70.989778,13,0
351294ba-0302-3882-bd5e-2d408f25d9ea,1d45436f-15a9-326e-a452-2e9ffc9fc5e5,Odilia72 Mraz590,F,GENERAL PRACTICE,75 SPRINGFIELD RD,WESTFIELD,MA,010851832,42.111428849999996,-72.71189899299209,30,0
c8b4177b-e1b0-3dc0-b7db-17a9374fd047,0d9b0d22-585e-3fd8-ab02-26b5be7915d1,Jean712 Koelpin146,F,GENERAL PRACTICE,516 CAREW ST,SPRINGFIELD,MA,011042330,42.12133575,-72.59217953646302,173,0
b0c61088-4de4-3979-b91a-269e9d0e8fdf,d3335d07-2a2c-35d7-9b87-c022393b6793,Nancie476 Lubowitz58,F,GENERAL PRACTICE,137 NICHOLS STREET,NORWOOD,MA,020622009,42.1930792,-71.20868232395514,1,0
1ec9247a-05cd-3a23-9d85-2225cf2a9033,1853aeef-5897-326a-80d6-aa4b0459eb6d,Kendra609 Kassulke119,F,GENERAL PRACTICE,381 WICKENDEN ST,ATTLEBORO,MA,027032247,41.9438129,-71.2806515,277,0
314ef737-d1b7-3746-b2e1-edd49428a260,4b7e26e6-e5b1-38c9-b4ac-fde9a0f93177,Maggie320 Eichmann909,F,GENERAL PRACTICE,38 BROAD STREET,QUINCY,MA,021694604,42.2560352,-70.99469254391217,5,0
6aeabc29-a47e-3a7a-bea8-6249d2212a9e,2ca615f3-87f7-3283-a447-d919a883b676,Elizbeth263 Dickinson688,F,GENERAL PRACTICE,1399 WASHINGTON ST,HANOVER,MA,023391653,42.1441354,-70.8440854,2,0
c307d191-4a2b-3b7d-8476-a27a7ecbec6a,ce81052f-7c77-3cd7-8c30-930339a79ceb,Marilu588 Ávalos396,F,GENERAL PRACTICE,363 ALBANY ST,BOSTON,MA,021182503,42.342456,-71.062887,37,0
ac9a747d-096c-3bdf-bf29-2a1cb942712f,80646050-1c76-3046-bbc8-fd5f0b7c34e6,Raleigh478 Hauck852,M,GENERAL PRACTICE,140 ARNHOW FARM ROAD,FITCHBURG,MA,014201369,42.5903661,-71.8119837,14,0
87e666ab-31ac-3572-87c3-3f9a0ab44fa9,bb867d36-0c8d-33b4-b19c-a8c026655b6c,Arnoldo445 Macejkovic424,M,GENERAL PRACTICE,200 KENDALL ST,SPRINGFIELD,MA,011042532,42.12161175,-72.57784860231564,1,0
56d6e339-62a3-3e2f-a718-affe30fd21dc,3f12ebb4-e03c-3453-88d2-4fc9682383df,Erwin847 Stiedemann542,M,GENERAL PRACTICE,726 COUNTY ST,NORTH DARTMOUTH,MA,027473603,41.6389926,-70.9703171,148,0
e37a143d-39c6-30a1-a37a-b3632378ed08,a9fc7aa5-d3b3-314d-9cf7-af29051d3dd9,Rudolf736 Hermiston71,M,GENERAL PRACTICE,1193 SEA STREET,TAUNTON,MA,027803960,41.8946107,-71.11113,2,0
7a60d3bc-a921-3fde-84a2-ee8f15c8a74a,8ec2ca51-abb4-35dd-b90f-6c6aad6d2124,Rosario163 Galindo802,F,GENERAL PRACTICE,22 JOHNSON STREET,PEABODY,MA,019602311,42.54644385,-70.99288129112277,1,0
14de97b2-3fb2-3fc9-9269-bce42ea3d113,8af3b144-0e1a-3c90-937d-81a4ed026080,Latasha666 Fay398,F,GENERAL PRACTICE,800 WASHINGTON STREET,NORWOOD,MA,020623489,42.1886973,-71.2005241,2,0
c553c7ab-9ab6-38fb-83ac-d78c98b0290b,9fdce5d5-d4d0-3156-a8d5-8757bfe4e9b3,Pamelia915 Kilback373,F,GENERAL PRACTICE,1 FARMER CIR,ARLINGTON,MA,024742866,42.42405225,-71.16792616556859,55,0
68308831-ec30-3909-935d-015655711790,b3b56527-d366-3353-bca9-266a12f23051,Gil594 Schroeder447,M,GENERAL PRACTICE,60 QUAKER HIGHWAY,UXBRIDGE,MA,015691628,42.06100105,-71.62352848737622,16,0
ae6231ba-7045-3cea-b0a3-4cc6e35aa648,125eccb3-d003-34ea-9bd8-360dff059782,Mickey576 Gerlach374,M,GENERAL PRACTICE,125 PARKER HILL AVENUE,DEDHAM,MA,020266146,42.2489143,-71.1755732,44,0
f671cb12-bd16-34be-8f9a-4971e3498471,b242f971-3c74-3778-b148-81366c1e6a3f,Jaquelyn689 Bernier607,F,GENERAL PRACTICE,10 CAREMATRIX DR,DEDHAM,MA,020266149,42.2270762,-71.17237295563174,186,0
657d7f12-b89c-3665-a470-69716a813b9c,e92dad8b-f485-315a-8fc4-1d7adfdc9c00,Laurena366 Anderson154,F,GENERAL PRACTICE,581 FAUNCE CORNER RD,DARTMOUTH,MA,027471242,41.676111381167445,-70.98788528176077,826,0
458aee21-1ccb-3d12-9871-3359654e219f,aad05540-c9cb-3805-b3c4-f9b9d9b42b2e,Arla414 Fritsch593,F,GENERAL PRACTICE,821 E MAIN ST STE 3,CHICOPEE,MA,010206306,42.155774795300516,-72.55672263289513,175,0
ed50bc9b-3512-314b-b1e9-916bbce5dc9f,2e73956a-942f-36f3-b88c-f88e782e578f,Ivory697 Boyle917,M,GENERAL PRACTICE,790 TURNPIKE STREET  SUITE 202,NORTH ANDOVER,MA,018456138,42.661547049999996,-71.10774565195425,6,0
085d6e48-bdd9-3fae-af9a-a5a907ab215f,19a3afba-b409-3650-a0ab-f3faf6e391ef,Patrina117 Strosin214,F,GENERAL PRACTICE,199 REEDSDALE RD,WALTHAM,MA,024511433,42.3756401,-71.2358004,22,0
34d9ad1f-dba7-38a3-840a-831d5a25a56b,76b7dbb5-0a02-32a4-9a01-3511f7e45016,Emerita401 Satterfield305,F,GENERAL PRACTICE,59 COUNTRY WAY,SCITUATE,MA,020663746,42.1806871,-70.74862935148246,2,0
94ccc016-69a1-3e98-bbbd-f90243c3fab4,25c85bcc-7e25-36bc-89e8-08e0d473db23,Sharron285 Okuneva707,F,GENERAL PRACTICE,138 S MAIN ST STE 14,MILFORD,MA,017573272,42.1270746,-71.51639128815474,75,0
d5d29510-ee7a-322d-8993-5c76fcc39411,c9aabcbd-d4e0-391f-8980-d0be6934ea82,Shonda871 Leffler128,F,GENERAL PRACTICE,340 PLEASANT ST,BROCKTON,MA,023013236,42.08764334999999,-71.03287346676532,38,0
00aafa39-57d3-396d-b08d-1c3a215d1579,d9b71ccf-6649-3555-9e99-44eac0af257f,Darlene91 Collier206,F,GENERAL PRACTICE,655 DEDHAM ST,WRENTHAM,MA,020931135,42.084901,-71.30689224201797,19,0
a171cf85-58c0-3e06-8fe9-ebf54bc0e4e6,e68de1a0-767e-3466-b9a6-43948ee073d3,Gene733 Ratke343,M,GENERAL PRACTICE,160 WELLS AVENUE,NEWTON,MA,024593302,42.29337605,-71.19806353028767,3,0
530eb0d2-8e66-3264-bf00-62e529d7acd3,2fb77691-5353-358a-bc94-90af77dd654b,Sasha806 D'Amore443,F,GENERAL PRACTICE,200 GROTON RD,AYER,MA,014321168,42.577352149999996,-71.57414587343038,158,0
45187321-5d89-38a0-b188-2d3f5bd45f52,cbebae9e-f95e-3d2c-9712-289ea8d6aeec,George991 Haley279,M,GENERAL PRACTICE,49 ROBINWOOD AVENUE,QUINCY,MA,021698130,42.2509914,-71.0037374,4,0
d165b4e6-5a49-36da-a213-6cbc04c5fb93,1cec4304-9757-3a10-ad4f-7e2090c56131,Theo630 Rohan584,M,GENERAL PRACTICE,55 LAKE AVE N,WORCESTER,MA,016550002,42.2774799,-71.76166994969458,23,0
ca755ed7-14f7-3e26-b1b5-62451632c794,ad482681-b4c4-3fce-ac59-78c83d31b0ba,Carmelo33 Turner526,M,GENERAL PRACTICE,130 CHESTNUT ST,FRANKLIN,MA,020383903,42.08345955,-71.38413379825735,4,0
d031aaf3-4121-3967-8c40-37146525921c,78cd7edb-2df6-34da-b463-5f9eb15cf862,Nancee600 Pacocha935,F,GENERAL PRACTICE,1 WEBLY ROAD,YARMOUTH PORT,MA,026752000,41.7020544,-70.249465,16,0
97d33c15-725a-389a-82f5-ea13229d6dcd,471f7ca2-38f8-3080-8109-187c73ec0b1f,Reginia455 Johnson679,F,GENERAL PRACTICE,27 CONGRESS ST,SALEM,MA,019707308,42.518722068313224,-70.88940635956651,42,0
a76aa805-cfec-31a8-9281-8623d766fdca,a5577e5c-b886-37a0-8eee-8ff6feb7ea6b,Leopoldo762 Keebler762,M,GENERAL PRACTICE,330 MOUNT AUBURN ST,CAMBRIDGE,MA,021385502,42.3741033,-71.13417575971958,65,0
e7549e4d-9a49-3ad7-bdfe-fa2104980a81,5581e43d-0463-3a0b-afc7-a60aea5ac96c,Brock407 VonRueden376,M,GENERAL PRACTICE,57 RIVER RD,ANDOVER,MA,018101144,42.69112645,-71.19636086287642,82,0
8d1675b6-4929-3bc5-b83c-53b202210d2e,7fc42341-ad5f-3c6c-94f3-4afaa0f8a028,Preston275 Herzog843,M,GENERAL PRACTICE,368 FAUNCE CORNER RD,DARTMOUTH,MA,027476249,41.6633564,-70.99152756769953,44,0
cb45e6b1-a865-33c8-ab1c-7a22605a5335,ce9c1582-994d-32bf-835c-474a249d2804,Maude482 Veum823,F,GENERAL PRACTICE,275 MARTINE STREET  SUITE 104,FALL RIVER,MA,027231500,41.68393816525316,-71.1220830626733,51,0
9615cb17-625d-3d5b-a2d4-dbcfa20f967e,e7722de2-0e62-3dc9-a163-a7003956673b,Weldon459 Lockman863,M,GENERAL PRACTICE,1 EDGEWATER DRIVE  SUITE 103,NORWOOD,MA,020624669,42.16153305,-71.20162617190071,6,0
1db332d1-3426-3894-8ac8-79db741fb47b,9b8a7a25-b923-3710-9f3c-d42919a3f54f,Kayce253 Ondricka197,F,GENERAL PRACTICE,146 MAIN ST,MAYNARD,MA,017542651,42.4309786,-71.4552968,35,0
55179afc-544a-39d8-b1b4-83927c5ab826,62b55e5b-b58f-354d-8f2d-f2a330bc619e,Berta524 Navarro863,F,GENERAL PRACTICE,201 HIGHLAND ST,CLINTON,MA,015101037,42.42738865,-71.69329092351188,89,0
916b8093-7107-3eaf-b038-a5eaa4eb3d17,966245ce-e84d-36b0-a838-2e0b5bb2e668,Refugio197 Crooks415,M,GENERAL PRACTICE,1425 BLUE HILL AVENUE,MATTAPAN,MA,021262122,42.2754929,-71.09384131587021,1,0
50975544-fba1-3276-9b68-4023d3a4fffe,58d6127e-ee48-37c3-9f2d-dcd3c050fb25,Thomasena108 Gutmann970,F,GENERAL PRACTICE,73 RUSSELL RD,HUNTINGTON,MA,010509777,42.2244752,-72.8709216,28,0
6fb2ac3e-1367-3e37-a29e-b8dc3afab9be,9dbd44ba-59b2-3d1d-ac91-3880af8081d2,Rob341 Larson43,M,GENERAL PRACTICE,529 MAIN ST STE B,ACTON,MA,017203965,42.4878132338563,-71.43046999422496,28,0
43fba1b6-87bb-3386-b27a-c0bf1d70b452,35eba9db-902f-32e6-b302-0e5ef8fa5c68,Isaiah615 Schumm995,M,GENERAL PRACTICE,66 BROAD ST,WESTFIELD,MA,010852927,42.1165587,-72.74727440058362,1,0
5daf4326-789e-35de-b217-4c598cbb0f8d,4eddfa13-f996-3048-9bbc-541b0a29038a,Annelle169 Schmidt332,F,GENERAL PRACTICE,736 CAMBRIDGE ST,BRIGHTON,MA,021353601,42.348649949999995,-71.14799584850206,60,0
0addc160-cc4f-34e1-8e16-dafee8abf9ea,845fbd9b-2d1c-39a8-8261-28ae40e4fab2,Sam879 Rippin620,F,GENERAL PRACTICE,14 PROSPECT STREET,UPTON,MA,015681431,42.1700209025178,-71.59409308099494,1266,0
92e900f8-4cb3-3f6e-babd-c2c09bcd8cd0,9ce6072b-d039-3cde-8eaf-950211b8ae88,Saul605 Ratke343,M,GENERAL PRACTICE,147 S MAIN ST,MIDDLETON,MA,019492446,42.585787222720036,-71.00861442427218,17,0
9fa5a0da-c6e6-34b5-9ef8-a17fcc1511b5,af8566eb-8918-3ec7-ba44-92b6a2cf8097,Madelaine318 Walker122,F,GENERAL PRACTICE,81 HIGHLAND AVE,SALEM,MA,019702714,42.5112107,-70.90516241826194,185,0
7a1c73a7-503c-3e02-a76f-f5f37d20439f,d1d4d104-68cb-356b-9086-888de7d2826f,Deandre599 Windler79,M,GENERAL PRACTICE,61 Lincoln Street  Suite 112,Framingham,MA,01702,42.28348,-71.41845,16,0
a618fe13-bdb0-33a3-addf-8b4ef6988df1,058176fd-cbb0-328b-8411-c19f5045032d,Breana975 Sanford861,F,GENERAL PRACTICE,840 EMERSON GARDENS ROAD,LEXINGTON,MA,02420,42.43761961817366,-71.19888753880475,8,0
5cf96b2a-1e9c-3f49-8459-d170d96e5e73,a036cdf2-bbc5-3ffd-987f-56e437fd8b74,Lashanda692 Gutmann970,F,GENERAL PRACTICE,265 N MAIN ST,SOUTH YARMOUTH,MA,026642083,41.680980000000005,-70.18292625685085,10,0
9b3a4a13-62c5-3bbd-948d-487e87da4b87,2fbb592e-2154-3a4d-856e-467d7ba5bed7,Bernardo699 Pagac496,M,GENERAL PRACTICE,780 MAIN ST,GREAT BARRINGTON,MA,012302148,42.17823835,-73.36310566431717,39,0
93bdd99b-c164-3e7c-891c-20109c5aebc8,4f5e8f16-a31b-3071-8556-d7188ede313d,Barrett790 Wolf938,M,GENERAL PRACTICE,575 BEECH ST,HOLYOKE,MA,010402223,42.20105435,-72.628169560868,88,0
90480fd4-c524-3cb0-ae58-be9c3c0a11be,f90ef475-defe-363d-a926-573b38f804a2,Kristopher775 Schiller186,M,GENERAL PRACTICE,54 HOPEDALE ST,HOPKINTON,MA,017481672,42.2288875,-71.5196439,25,0
8e997233-0209-3541-8f81-d387e45a22ef,071a898d-3535-39fd-bf61-d33301aacd04,Jefferey580 Luettgen772,M,GENERAL PRACTICE,104 CHARLES ELDRIDGE RD,LAKEVILLE,MA,023471370,41.8459353,-70.9494854,88,0
db8655fc-718f-3b54-9c07-9a5c93a68a0d,a25107f7-f4f5-36fc-98e4-f3e1b5875c91,Yesenia104 Wilderman619,F,GENERAL PRACTICE,1285 BEACON ST,WOBURN,MA,018012157,42.4979478,-71.1684508,3,0
f725be00-37a3-351d-89d2-03c8516d9c0a,0e6c3ad1-24c1-34cb-bb6d-e8438fa319e2,Micaela928 Almanza534,F,GENERAL PRACTICE,50 DODGE ST,SWAMPSCOTT,MA,019071300,42.4699241,-70.9171507,9,0
83022bc5-4c9a-376d-b2f0-5f61b966b27e,3695125c-c052-3ece-898a-2a6448987ae5,Rosanna866 DuBuque211,F,GENERAL PRACTICE,2040 BOSTON RD STE 5,WILBRAHAM,MA,010951380,42.150295650000004,-72.47288272264812,1,0
571315ee-08c4-3c92-8884-7f0fa3c55d4b,05fcf001-ab24-3d7d-85f7-f64942d82738,Leonarda398 Schumm995,F,GENERAL PRACTICE,250 POND STREET,FRAMINGHAM,MA,017014592,42.2838619,-71.4093719,64,0
80f52f49-a66a-3dcd-966a-d568a3499b7d,7e6db51f-7c1b-3555-9e1c-6269ba6d704d,Jacque955 Streich926,F,GENERAL PRACTICE,120 STAFFORD STREET SUITE 206,WORCESTER,MA,016031461,42.239638,-71.8443785891577,15,0
65a77d4b-6d19-38f3-a29a-20e2548e8b41,83769f98-fff3-3535-8781-6ace5957136f,Emilia403 Breitenberg711,F,GENERAL PRACTICE,115 NORTH AVENUE,ROCKLAND,MA,023702129,42.13496385,-70.92237824494691,4,0
88a40c4f-32c6-34a6-a67e-20bece1a84b2,05cd3fbb-08ce-38bf-b680-721a3e902d43,Lita714 White193,F,GENERAL PRACTICE,9 WARREN CT,SALEM,MA,019703163,42.51586993877551,-70.90514912244899,31,0
f7f54a6d-4f11-35d0-aa9e-8d749c4e1a82,0e3a24c3-b772-3059-b3fd-8a4710068a82,Malka46 Gerhold939,F,GENERAL PRACTICE,416 BROADWAY,RAYNHAM,MA,027671737,41.940680799999996,-71.07864352196617,94,0
2e064f7e-a424-399d-b270-8088a2e6ea24,28d71598-85eb-3a0e-90c1-22e0be1af57c,Jodie811 Hermann103,F,GENERAL PRACTICE,38 MULBERRY ST STE 204,NORTHAMPTON,MA,010602832,42.35436315,-72.70256804599192,53,0
a7744d59-85b8-395a-b0e1-1df7ef69b828,e5d50afe-8c7d-35f5-96f5-fb8941403b0f,Justin359 Hayes766,M,GENERAL PRACTICE,125 S CLARK ST STE 900,FALL RIVER,MA,02722,41.74223,-71.129706,56,0
9b9cd1e2-abef-32e5-b4b9-6885e812212c,48a07866-e8d7-3268-aa3c-ca3237c8e6f3,Devona405 Stamm704,F,GENERAL PRACTICE,188 PROVIDENCE ST,HYDE PARK,MA,021361861,42.2682551,-71.12174592925336,28,0
e0189aac-f7ca-3734-ba10-c091765a8b6e,25431f9a-00e4-36d8-9810-4125328eec50,Paris331 Ruecker817,M,GENERAL PRACTICE,55 FRUIT ST,WALTHAM,MA,02451,42.3756401,-71.2358004,66,0
103b02e9-cd38-3335-89d3-f4b7c8192266,7cd7fc5c-3fa7-3b6e-b3c9-0dbaec2a3470,Frederica279 Roberts511,F,GENERAL PRACTICE,505 FRONT STREET,CHICOPEE,MA,010133140,42.14871685,-72.59756969862315,48,0
52331c77-baac-37a7-a5ad-6f6889c5638e,01bde980-bf89-3138-8912-7360dff33247,Caroline183 Lang846,F,GENERAL PRACTICE,456 PARK AVE,WORCESTER,MA,016101254,42.25512735,-71.82580924803523,4,0
2934c4d9-f6f9-3203-a455-643207d24f45,217cb6f6-e822-3831-9d9d-ffa104971042,Luther918 Jakubowski832,M,GENERAL PRACTICE,2 REHABILITATION WAY,WOBURN,MA,018016003,42.46352265,-71.161925472006,167,0
dc5305cb-b55f-3b52-8689-5ac7cca01c89,18d2c9c2-4b92-3664-9b8e-419aff3ce942,Aleshia311 Block661,F,GENERAL PRACTICE,175 GROVE STREET,BRAINTREE,MA,021847253,42.19127375,-70.99279579751581,1,0
a0ecc442-6594-34ef-95cb-1908e2ff4bee,121b0ad1-1beb-3caa-9271-3d3f726bb727,Cortez851 Price929,M,GENERAL PRACTICE,1030 MAIN STREET,WALTHAM,MA,024517447,42.375828,-71.2527956,20,0
3379267a-f6e5-32e9-b797-5cd6cf70bfed,db60692f-cbef-315b-9fce-38a7f015c482,Aurelio227 Hilpert278,M,GENERAL PRACTICE,72 SHARPE STREET,SCITUATE,MA,020664534,42.1939754,-70.7697128,22,0
16ba0e33-1ed0-302d-a3f5-1ca7543fb04e,883f57b8-89c6-3dc4-b6da-047705c88623,Parker433 Bailey598,M,GENERAL PRACTICE,363 HIGHLAND AVE,FALL RIVER,MA,027203703,41.7093779,-71.1460783680883,14,0
f406f5d3-cf7f-3d6e-bc7c-85bf12c843c0,0a2252ba-33de-322f-8f0a-e5b0141f1780,Hue920 Block661,F,GENERAL PRACTICE,632 BLUE  HILL AVENUE,DORCHESTER,MA,021213213,42.2941088,-71.0885355,42,0
ef4883fa-9b09-362b-a69b-2d4f711f033b,4f029aea-a3f7-3429-a477-45cfe183c3f9,Curtis94 Lesch175,M,GENERAL PRACTICE,1675 NORTH MAIN STREET,LANCASTER,MA,015232405,42.4761132,-71.6873032,2,0
5943d4e1-2c02-337f-bbd3-cf11d73d0972,f6ba791e-fe68-3596-bef4-60751db6a60e,Cleo27 Crooks415,M,GENERAL PRACTICE,37 BIRCH STREET,MILFORD,MA,017575501,42.1424349,-71.48943173357203,24,0
6748ab8f-434b-3baa-8287-a6d928d4a6db,2fc3d86d-4194-3ad1-bb8a-99d5d34119a1,Trent525 Krajcik437,M,GENERAL PRACTICE,300 CONGRESS ST STE 203,QUINCY,MA,021690907,42.2345525,-71.01493330273374,18,0
97d40448-1aef-3e7a-9536-68f7ddc8a28d,9f368e75-397f-3d77-a317-9a005512a4e2,Franklin857 Pfannerstill264,M,GENERAL PRACTICE,381 PARK AVE,WORCESTER,MA,016101026,42.2583962,-71.82204240042036,66,0
a22bff0d-ce23-331a-b996-5c7c7c39a3f0,95f6c328-96dd-3fb8-a56e-9aad566094b4,Milda157 Schoen8,F,GENERAL PRACTICE,4 STONY HILL ROAD,WILBRAHAM,MA,010951027,42.1552861,-72.48384800788648,9,0
a2f9a9b3-b471-3d33-a18a-ffc1fe57aaaf,485ae27b-c5ba-3fd0-9a16-c9eea20be185,Lael572 Kris249,F,GENERAL PRACTICE,275 MARTINE STREET  SUITE 202,FALL RIVER,MA,027231518,41.68393816525316,-71.1220830626733,30,0
283deb27-6777-32d5-b160-08f47def9b27,19f958ef-57cf-33c1-b068-14b32a980813,Jordon466 Bruen238,M,GENERAL PRACTICE,155 BROADWAY RD,DRACUT,MA,018262754,42.67578279999999,-71.29320171860073,55,0
cb77ada6-93fa-32f9-90a9-fa442300db75,da2e8443-a0d6-3e87-b651-e2697615f4b5,Rutha66 Bergstrom287,F,GENERAL PRACTICE,2000 WASHINGTON ST,NEWTON,MA,024621624,42.332192250000006,-71.24597794166553,45,0
9ea4d49a-8849-3d1b-a219-a9df0470937f,91808f17-7583-32a3-aa55-23b131b327c7,Jospeh459 Wunsch504,M,GENERAL PRACTICE,200 CORDWAINER DR,NORWELL,MA,020611671,42.16352995,-70.8846291501739,59,0
fd2cf73c-6d54-3c79-9926-8bd38e45c616,76baa51d-0d0f-359d-a07b-7b999a43d42e,Lincoln623 Gibson10,M,GENERAL PRACTICE,101 STATION DR STE 240,WESTWOOD,MA,020902336,42.20728361922244,-71.15698168263435,35,0
4ee75ed2-a606-3bca-ba48-9d862e509966,02d7b144-352f-3eac-97db-6fc4a95bf1fa,Marcela739 Alfaro627,F,GENERAL PRACTICE,120 SEMINARY AVENUE,AUBURNDALE,MA,024662650,42.34002614299451,-71.24911543639162,13,0
f74bc1de-bbcb-3fc8-b6a5-b0c4c3a5c7b1,4d780f61-40cc-3bcb-822b-cb51d398966f,Asley870 Stiedemann542,F,GENERAL PRACTICE,5 GAMELIN ST,HOLYOKE,MA,010404080,42.1642525,-72.63755321877633,1,0
26d442eb-65a3-3324-86d3-1e9a2738c787,53f086de-2fc7-3d35-92c2-aca4ed944e7f,Carisa395 Kutch271,F,GENERAL PRACTICE,1 GENERAL ST,LAWRENCE,MA,018412961,42.7097143,-71.15007700778098,267,0
ec4daf89-a341-3c8e-acf6-fdb442ee7a4a,20f63278-6709-3195-b767-782d2a10bd5c,Jamie386 Krajcik437,M,GENERAL PRACTICE,640 CONCORD AVENUE,CAMBRIDGE,MA,021381116,42.389222000000004,-71.14799280677965,2,0
ebe68b70-a14d-34d6-95ac-17a35b2755bf,ac0fde88-b0ad-3388-a4a8-b8fc2a4f4af2,Bobbye345 Wuckert783,F,GENERAL PRACTICE,150 YORK STREET,STOUGHTON,MA,020729105,42.144646800000004,-71.09875876961266,18,0
0799a3f6-5bb0-38ae-bdc5-9120b07bb036,d70d47dc-b40c-3a04-8342-35cbfe716409,Lakenya863 Hilpert278,F,GENERAL PRACTICE,83 LITTLEFIELD RD,NEWTON,MA,024593010,42.3104327,-71.18883283411856,54,0
043651c0-a135-3bce-931c-9133cd00956e,0592d4e5-a0fb-3143-83cd-8e5a6b066a96,Anderson154 Lemke654,M,GENERAL PRACTICE,20 EAST ST,HANOVER,MA,023391638,42.1278249,-70.82664947485381,39,0
731922e1-df7a-31cb-a84c-ea832448e077,612fb151-095d-3d11-942b-5907216f4dbb,Colin861 Crona259,M,GENERAL PRACTICE,34 HAVERHILL ST,LAWRENCE,MA,018412884,42.71186535,-71.15197382279813,11,0
0fc94cad-ae97-3d14-8136-cc3cf225000b,7b5bf0fc-c5c0-3f22-980b-fdfff326a9b4,Conchita9 Castañeda925,F,GENERAL PRACTICE,40 CUMBERLAND AVE,NORTH ATTLEBORO,MA,027604445,41.9316677,-71.35407469790115,2,0
038a2d8f-add3-3c14-8d48-a44e30407261,14036728-b721-3e4b-8755-8ee8ab6ed15e,Melodie819 Schmeler639,F,GENERAL PRACTICE,625 MOUNT AUBURN ST,CAMBRIDGE,MA,021384518,42.375351,-71.1468628,57,0
